areaCode,areaName,areaType,date,newCasesBySpecimenDate
E12000004,East Midlands,region,2022-06-05,421
E12000004,East Midlands,region,2022-06-04,447
E12000004,East Midlands,region,2022-06-03,398
E12000004,East Midlands,region,2022-06-02,365
E12000004,East Midlands,region,2022-06-01,379
E12000004,East Midlands,region,2022-05-31,360
E12000004,East Midlands,region,2022-05-30,433
E12000004,East Midlands,region,2022-05-29,352
E12000004,East Midlands,region,2022-05-28,263
E12000004,East Midlands,region,2022-05-27,323
E12000004,East Midlands,region,2022-05-26,355
E12000004,East Midlands,region,2022-05-25,396
E12000004,East Midlands,region,2022-05-24,436
E12000004,East Midlands,region,2022-05-23,449
E12000004,East Midlands,region,2022-05-22,381
E12000004,East Midlands,region,2022-05-21,324
E12000004,East Midlands,region,2022-05-20,364
E12000004,East Midlands,region,2022-05-19,430
E12000004,East Midlands,region,2022-05-18,499
E12000004,East Midlands,region,2022-05-17,554
E12000004,East Midlands,region,2022-05-16,601
E12000004,East Midlands,region,2022-05-15,557
E12000004,East Midlands,region,2022-05-14,407
E12000004,East Midlands,region,2022-05-13,462
E12000004,East Midlands,region,2022-05-12,487
E12000004,East Midlands,region,2022-05-11,612
E12000004,East Midlands,region,2022-05-10,659
E12000004,East Midlands,region,2022-05-09,742
E12000004,East Midlands,region,2022-05-08,669
E12000004,East Midlands,region,2022-05-07,550
E12000004,East Midlands,region,2022-05-06,589
E12000004,East Midlands,region,2022-05-05,752
E12000004,East Midlands,region,2022-05-04,758
E12000004,East Midlands,region,2022-05-03,969
E12000004,East Midlands,region,2022-05-02,876
E12000004,East Midlands,region,2022-05-01,707
E12000004,East Midlands,region,2022-04-30,591
E12000004,East Midlands,region,2022-04-29,709
E12000004,East Midlands,region,2022-04-28,702
E12000004,East Midlands,region,2022-04-27,906
E12000004,East Midlands,region,2022-04-26,958
E12000004,East Midlands,region,2022-04-25,1102
E12000004,East Midlands,region,2022-04-24,994
E12000004,East Midlands,region,2022-04-23,892
E12000004,East Midlands,region,2022-04-22,1019
E12000004,East Midlands,region,2022-04-21,1212
E12000004,East Midlands,region,2022-04-20,1440
E12000004,East Midlands,region,2022-04-19,1674
E12000004,East Midlands,region,2022-04-18,1806
E12000004,East Midlands,region,2022-04-17,1433
E12000004,East Midlands,region,2022-04-16,1397
E12000004,East Midlands,region,2022-04-15,1508
E12000004,East Midlands,region,2022-04-14,1866
E12000004,East Midlands,region,2022-04-13,2187
E12000004,East Midlands,region,2022-04-12,2389
E12000004,East Midlands,region,2022-04-11,2679
E12000004,East Midlands,region,2022-04-10,2487
E12000004,East Midlands,region,2022-04-09,2035
E12000004,East Midlands,region,2022-04-08,2352
E12000004,East Midlands,region,2022-04-07,2713
E12000004,East Midlands,region,2022-04-06,3090
E12000004,East Midlands,region,2022-04-05,3518
E12000004,East Midlands,region,2022-04-04,3954
E12000004,East Midlands,region,2022-04-03,2956
E12000004,East Midlands,region,2022-04-02,2760
E12000004,East Midlands,region,2022-04-01,3423
E12000004,East Midlands,region,2022-03-31,3696
E12000004,East Midlands,region,2022-03-30,5274
E12000004,East Midlands,region,2022-03-29,5495
E12000004,East Midlands,region,2022-03-28,6616
E12000004,East Midlands,region,2022-03-27,4888
E12000004,East Midlands,region,2022-03-26,4264
E12000004,East Midlands,region,2022-03-25,5060
E12000004,East Midlands,region,2022-03-24,5698
E12000004,East Midlands,region,2022-03-23,6379
E12000004,East Midlands,region,2022-03-22,6389
E12000004,East Midlands,region,2022-03-21,7183
E12000004,East Midlands,region,2022-03-20,5351
E12000004,East Midlands,region,2022-03-19,4320
E12000004,East Midlands,region,2022-03-18,4819
E12000004,East Midlands,region,2022-03-17,5239
E12000004,East Midlands,region,2022-03-16,5842
E12000004,East Midlands,region,2022-03-15,5777
E12000004,East Midlands,region,2022-03-14,6259
E12000004,East Midlands,region,2022-03-13,4728
E12000004,East Midlands,region,2022-03-12,4003
E12000004,East Midlands,region,2022-03-11,4069
E12000004,East Midlands,region,2022-03-10,4269
E12000004,East Midlands,region,2022-03-09,4392
E12000004,East Midlands,region,2022-03-08,4287
E12000004,East Midlands,region,2022-03-07,4036
E12000004,East Midlands,region,2022-03-06,2969
E12000004,East Midlands,region,2022-03-05,2330
E12000004,East Midlands,region,2022-03-04,2383
E12000004,East Midlands,region,2022-03-03,2509
E12000004,East Midlands,region,2022-03-02,2551
E12000004,East Midlands,region,2022-03-01,2549
E12000004,East Midlands,region,2022-02-28,2535
E12000004,East Midlands,region,2022-02-27,1751
E12000004,East Midlands,region,2022-02-26,1336
E12000004,East Midlands,region,2022-02-25,1495
E12000004,East Midlands,region,2022-02-24,1658
E12000004,East Midlands,region,2022-02-23,2121
E12000004,East Midlands,region,2022-02-22,2122
E12000004,East Midlands,region,2022-02-21,2736
E12000004,East Midlands,region,2022-02-20,2412
E12000004,East Midlands,region,2022-02-19,2076
E12000004,East Midlands,region,2022-02-18,2368
E12000004,East Midlands,region,2022-02-17,2694
E12000004,East Midlands,region,2022-02-16,2989
E12000004,East Midlands,region,2022-02-15,2998
E12000004,East Midlands,region,2022-02-14,3221
E12000004,East Midlands,region,2022-02-13,2487
E12000004,East Midlands,region,2022-02-12,2335
E12000004,East Midlands,region,2022-02-11,2703
E12000004,East Midlands,region,2022-02-10,3319
E12000004,East Midlands,region,2022-02-09,4089
E12000004,East Midlands,region,2022-02-08,4510
E12000004,East Midlands,region,2022-02-07,5121
E12000004,East Midlands,region,2022-02-06,4152
E12000004,East Midlands,region,2022-02-05,3418
E12000004,East Midlands,region,2022-02-04,4275
E12000004,East Midlands,region,2022-02-03,5181
E12000004,East Midlands,region,2022-02-02,6212
E12000004,East Midlands,region,2022-02-01,6395
E12000004,East Midlands,region,2022-01-31,7579
E12000004,East Midlands,region,2022-01-30,6354
E12000004,East Midlands,region,2022-01-29,5372
E12000004,East Midlands,region,2022-01-28,6124
E12000004,East Midlands,region,2022-01-27,6878
E12000004,East Midlands,region,2022-01-26,7993
E12000004,East Midlands,region,2022-01-25,7944
E12000004,East Midlands,region,2022-01-24,9287
E12000004,East Midlands,region,2022-01-23,7652
E12000004,East Midlands,region,2022-01-22,5739
E12000004,East Midlands,region,2022-01-21,6628
E12000004,East Midlands,region,2022-01-20,7267
E12000004,East Midlands,region,2022-01-19,8144
E12000004,East Midlands,region,2022-01-18,8857
E12000004,East Midlands,region,2022-01-17,9695
E12000004,East Midlands,region,2022-01-16,7092
E12000004,East Midlands,region,2022-01-15,5568
E12000004,East Midlands,region,2022-01-14,6341
E12000004,East Midlands,region,2022-01-13,6936
E12000004,East Midlands,region,2022-01-12,7363
E12000004,East Midlands,region,2022-01-11,8446
E12000004,East Midlands,region,2022-01-10,9917
E12000004,East Midlands,region,2022-01-09,6928
E12000004,East Midlands,region,2022-01-08,6689
E12000004,East Midlands,region,2022-01-07,8671
E12000004,East Midlands,region,2022-01-06,12618
E12000004,East Midlands,region,2022-01-05,15241
E12000004,East Midlands,region,2022-01-04,20047
E12000004,East Midlands,region,2022-01-03,16469
E12000004,East Midlands,region,2022-01-02,12755
E12000004,East Midlands,region,2022-01-01,8628
E12000004,East Midlands,region,2021-12-31,13107
E12000004,East Midlands,region,2021-12-30,16978
E12000004,East Midlands,region,2021-12-29,19802
E12000004,East Midlands,region,2021-12-28,15140
E12000004,East Midlands,region,2021-12-27,13186
E12000004,East Midlands,region,2021-12-26,8124
E12000004,East Midlands,region,2021-12-25,4969
E12000004,East Midlands,region,2021-12-24,9217
E12000004,East Midlands,region,2021-12-23,10692
E12000004,East Midlands,region,2021-12-22,10437
E12000004,East Midlands,region,2021-12-21,9727
E12000004,East Midlands,region,2021-12-20,8333
E12000004,East Midlands,region,2021-12-19,5614
E12000004,East Midlands,region,2021-12-18,5386
E12000004,East Midlands,region,2021-12-17,5856
E12000004,East Midlands,region,2021-12-16,6595
E12000004,East Midlands,region,2021-12-15,7245
E12000004,East Midlands,region,2021-12-14,6166
E12000004,East Midlands,region,2021-12-13,5477
E12000004,East Midlands,region,2021-12-12,3488
E12000004,East Midlands,region,2021-12-11,3342
E12000004,East Midlands,region,2021-12-10,3543
E12000004,East Midlands,region,2021-12-09,3929
E12000004,East Midlands,region,2021-12-08,4085
E12000004,East Midlands,region,2021-12-07,3925
E12000004,East Midlands,region,2021-12-06,4252
E12000004,East Midlands,region,2021-12-05,3099
E12000004,East Midlands,region,2021-12-04,3021
E12000004,East Midlands,region,2021-12-03,3415
E12000004,East Midlands,region,2021-12-02,3917
E12000004,East Midlands,region,2021-12-01,4122
E12000004,East Midlands,region,2021-11-30,4058
E12000004,East Midlands,region,2021-11-29,4059
E12000004,East Midlands,region,2021-11-28,2880
E12000004,East Midlands,region,2021-11-27,2473
E12000004,East Midlands,region,2021-11-26,2854
E12000004,East Midlands,region,2021-11-25,3203
E12000004,East Midlands,region,2021-11-24,3487
E12000004,East Midlands,region,2021-11-23,3641
E12000004,East Midlands,region,2021-11-22,3822
E12000004,East Midlands,region,2021-11-21,2814
E12000004,East Midlands,region,2021-11-20,2606
E12000004,East Midlands,region,2021-11-19,2994
E12000004,East Midlands,region,2021-11-18,3302
E12000004,East Midlands,region,2021-11-17,3433
E12000004,East Midlands,region,2021-11-16,3599
E12000004,East Midlands,region,2021-11-15,3741
E12000004,East Midlands,region,2021-11-14,2674
E12000004,East Midlands,region,2021-11-13,2418
E12000004,East Midlands,region,2021-11-12,2939
E12000004,East Midlands,region,2021-11-11,3063
E12000004,East Midlands,region,2021-11-10,3308
E12000004,East Midlands,region,2021-11-09,3401
E12000004,East Midlands,region,2021-11-08,3433
E12000004,East Midlands,region,2021-11-07,2408
E12000004,East Midlands,region,2021-11-06,2085
E12000004,East Midlands,region,2021-11-05,2235
E12000004,East Midlands,region,2021-11-04,2440
E12000004,East Midlands,region,2021-11-03,2561
E12000004,East Midlands,region,2021-11-02,2659
E12000004,East Midlands,region,2021-11-01,3257
E12000004,East Midlands,region,2021-10-31,2416
E12000004,East Midlands,region,2021-10-30,2318
E12000004,East Midlands,region,2021-10-29,2794
E12000004,East Midlands,region,2021-10-28,2954
E12000004,East Midlands,region,2021-10-27,3076
E12000004,East Midlands,region,2021-10-26,3108
E12000004,East Midlands,region,2021-10-25,3777
E12000004,East Midlands,region,2021-10-24,2781
E12000004,East Midlands,region,2021-10-23,2825
E12000004,East Midlands,region,2021-10-22,2857
E12000004,East Midlands,region,2021-10-21,3237
E12000004,East Midlands,region,2021-10-20,3618
E12000004,East Midlands,region,2021-10-19,3589
E12000004,East Midlands,region,2021-10-18,3989
E12000004,East Midlands,region,2021-10-17,3086
E12000004,East Midlands,region,2021-10-16,2583
E12000004,East Midlands,region,2021-10-15,3156
E12000004,East Midlands,region,2021-10-14,3652
E12000004,East Midlands,region,2021-10-13,3908
E12000004,East Midlands,region,2021-10-12,4012
E12000004,East Midlands,region,2021-10-11,4606
E12000004,East Midlands,region,2021-10-10,3313
E12000004,East Midlands,region,2021-10-09,2992
E12000004,East Midlands,region,2021-10-08,3327
E12000004,East Midlands,region,2021-10-07,3524
E12000004,East Midlands,region,2021-10-06,3693
E12000004,East Midlands,region,2021-10-05,3717
E12000004,East Midlands,region,2021-10-04,4100
E12000004,East Midlands,region,2021-10-03,3173
E12000004,East Midlands,region,2021-10-02,2459
E12000004,East Midlands,region,2021-10-01,2878
E12000004,East Midlands,region,2021-09-30,3093
E12000004,East Midlands,region,2021-09-29,3301
E12000004,East Midlands,region,2021-09-28,3561
E12000004,East Midlands,region,2021-09-27,3874
E12000004,East Midlands,region,2021-09-26,2641
E12000004,East Midlands,region,2021-09-25,2564
E12000004,East Midlands,region,2021-09-24,2929
E12000004,East Midlands,region,2021-09-23,3208
E12000004,East Midlands,region,2021-09-22,3428
E12000004,East Midlands,region,2021-09-21,3737
E12000004,East Midlands,region,2021-09-20,3830
E12000004,East Midlands,region,2021-09-19,2839
E12000004,East Midlands,region,2021-09-18,2237
E12000004,East Midlands,region,2021-09-17,2325
E12000004,East Midlands,region,2021-09-16,2407
E12000004,East Midlands,region,2021-09-15,2429
E12000004,East Midlands,region,2021-09-14,2488
E12000004,East Midlands,region,2021-09-13,2836
E12000004,East Midlands,region,2021-09-12,2107
E12000004,East Midlands,region,2021-09-11,1768
E12000004,East Midlands,region,2021-09-10,2132
E12000004,East Midlands,region,2021-09-09,2560
E12000004,East Midlands,region,2021-09-08,2685
E12000004,East Midlands,region,2021-09-07,2978
E12000004,East Midlands,region,2021-09-06,3468
E12000004,East Midlands,region,2021-09-05,2411
E12000004,East Midlands,region,2021-09-04,2316
E12000004,East Midlands,region,2021-09-03,2719
E12000004,East Midlands,region,2021-09-02,2836
E12000004,East Midlands,region,2021-09-01,3040
E12000004,East Midlands,region,2021-08-31,3308
E12000004,East Midlands,region,2021-08-30,2471
E12000004,East Midlands,region,2021-08-29,1927
E12000004,East Midlands,region,2021-08-28,1899
E12000004,East Midlands,region,2021-08-27,2425
E12000004,East Midlands,region,2021-08-26,2636
E12000004,East Midlands,region,2021-08-25,2822
E12000004,East Midlands,region,2021-08-24,2759
E12000004,East Midlands,region,2021-08-23,3081
E12000004,East Midlands,region,2021-08-22,2326
E12000004,East Midlands,region,2021-08-21,2345
E12000004,East Midlands,region,2021-08-20,2384
E12000004,East Midlands,region,2021-08-19,2612
E12000004,East Midlands,region,2021-08-18,2874
E12000004,East Midlands,region,2021-08-17,2799
E12000004,East Midlands,region,2021-08-16,3049
E12000004,East Midlands,region,2021-08-15,2130
E12000004,East Midlands,region,2021-08-14,2118
E12000004,East Midlands,region,2021-08-13,2301
E12000004,East Midlands,region,2021-08-12,2765
E12000004,East Midlands,region,2021-08-11,2722
E12000004,East Midlands,region,2021-08-10,2642
E12000004,East Midlands,region,2021-08-09,2783
E12000004,East Midlands,region,2021-08-08,1969
E12000004,East Midlands,region,2021-08-07,1923
E12000004,East Midlands,region,2021-08-06,2446
E12000004,East Midlands,region,2021-08-05,2739
E12000004,East Midlands,region,2021-08-04,2850
E12000004,East Midlands,region,2021-08-03,2666
E12000004,East Midlands,region,2021-08-02,2544
E12000004,East Midlands,region,2021-08-01,1781
E12000004,East Midlands,region,2021-07-31,1857
E12000004,East Midlands,region,2021-07-30,2109
E12000004,East Midlands,region,2021-07-29,2386
E12000004,East Midlands,region,2021-07-28,2628
E12000004,East Midlands,region,2021-07-27,2450
E12000004,East Midlands,region,2021-07-26,2375
E12000004,East Midlands,region,2021-07-25,1720
E12000004,East Midlands,region,2021-07-24,1705
E12000004,East Midlands,region,2021-07-23,1985
E12000004,East Midlands,region,2021-07-22,2267
E12000004,East Midlands,region,2021-07-21,2618
E12000004,East Midlands,region,2021-07-20,2890
E12000004,East Midlands,region,2021-07-19,3700
E12000004,East Midlands,region,2021-07-18,2736
E12000004,East Midlands,region,2021-07-17,2921
E12000004,East Midlands,region,2021-07-16,4181
E12000004,East Midlands,region,2021-07-15,4516
E12000004,East Midlands,region,2021-07-14,4044
E12000004,East Midlands,region,2021-07-13,3495
E12000004,East Midlands,region,2021-07-12,3406
E12000004,East Midlands,region,2021-07-11,2172
E12000004,East Midlands,region,2021-07-10,2022
E12000004,East Midlands,region,2021-07-09,2261
E12000004,East Midlands,region,2021-07-08,2296
E12000004,East Midlands,region,2021-07-07,2515
E12000004,East Midlands,region,2021-07-06,2410
E12000004,East Midlands,region,2021-07-05,2328
E12000004,East Midlands,region,2021-07-04,1676
E12000004,East Midlands,region,2021-07-03,1478
E12000004,East Midlands,region,2021-07-02,1611
E12000004,East Midlands,region,2021-07-01,1698
E12000004,East Midlands,region,2021-06-30,1595
E12000004,East Midlands,region,2021-06-29,1616
E12000004,East Midlands,region,2021-06-28,1588
E12000004,East Midlands,region,2021-06-27,1035
E12000004,East Midlands,region,2021-06-26,918
E12000004,East Midlands,region,2021-06-25,953
E12000004,East Midlands,region,2021-06-24,868
E12000004,East Midlands,region,2021-06-23,894
E12000004,East Midlands,region,2021-06-22,848
E12000004,East Midlands,region,2021-06-21,774
E12000004,East Midlands,region,2021-06-20,489
E12000004,East Midlands,region,2021-06-19,433
E12000004,East Midlands,region,2021-06-18,568
E12000004,East Midlands,region,2021-06-17,523
E12000004,East Midlands,region,2021-06-16,558
E12000004,East Midlands,region,2021-06-15,558
E12000004,East Midlands,region,2021-06-14,499
E12000004,East Midlands,region,2021-06-13,334
E12000004,East Midlands,region,2021-06-12,328
E12000004,East Midlands,region,2021-06-11,361
E12000004,East Midlands,region,2021-06-10,348
E12000004,East Midlands,region,2021-06-09,406
E12000004,East Midlands,region,2021-06-08,382
E12000004,East Midlands,region,2021-06-07,428
E12000004,East Midlands,region,2021-06-06,286
E12000004,East Midlands,region,2021-06-05,221
E12000004,East Midlands,region,2021-06-04,267
E12000004,East Midlands,region,2021-06-03,273
E12000004,East Midlands,region,2021-06-02,276
E12000004,East Midlands,region,2021-06-01,259
E12000004,East Midlands,region,2021-05-31,178
E12000004,East Midlands,region,2021-05-30,161
E12000004,East Midlands,region,2021-05-29,148
E12000004,East Midlands,region,2021-05-28,192
E12000004,East Midlands,region,2021-05-27,195
E12000004,East Midlands,region,2021-05-26,202
E12000004,East Midlands,region,2021-05-25,176
E12000004,East Midlands,region,2021-05-24,206
E12000004,East Midlands,region,2021-05-23,147
E12000004,East Midlands,region,2021-05-22,124
E12000004,East Midlands,region,2021-05-21,132
E12000004,East Midlands,region,2021-05-20,179
E12000004,East Midlands,region,2021-05-19,186
E12000004,East Midlands,region,2021-05-18,138
E12000004,East Midlands,region,2021-05-17,167
E12000004,East Midlands,region,2021-05-16,148
E12000004,East Midlands,region,2021-05-15,110
E12000004,East Midlands,region,2021-05-14,141
E12000004,East Midlands,region,2021-05-13,157
E12000004,East Midlands,region,2021-05-12,149
E12000004,East Midlands,region,2021-05-11,151
E12000004,East Midlands,region,2021-05-10,242
E12000004,East Midlands,region,2021-05-09,216
E12000004,East Midlands,region,2021-05-08,132
E12000004,East Midlands,region,2021-05-07,184
E12000004,East Midlands,region,2021-05-06,260
E12000004,East Midlands,region,2021-05-05,257
E12000004,East Midlands,region,2021-05-04,229
E12000004,East Midlands,region,2021-05-03,189
E12000004,East Midlands,region,2021-05-02,161
E12000004,East Midlands,region,2021-05-01,107
E12000004,East Midlands,region,2021-04-30,110
E12000004,East Midlands,region,2021-04-29,176
E12000004,East Midlands,region,2021-04-28,189
E12000004,East Midlands,region,2021-04-27,165
E12000004,East Midlands,region,2021-04-26,185
E12000004,East Midlands,region,2021-04-25,160
E12000004,East Midlands,region,2021-04-24,117
E12000004,East Midlands,region,2021-04-23,145
E12000004,East Midlands,region,2021-04-22,175
E12000004,East Midlands,region,2021-04-21,206
E12000004,East Midlands,region,2021-04-20,207
E12000004,East Midlands,region,2021-04-19,205
E12000004,East Midlands,region,2021-04-18,221
E12000004,East Midlands,region,2021-04-17,124
E12000004,East Midlands,region,2021-04-16,182
E12000004,East Midlands,region,2021-04-15,200
E12000004,East Midlands,region,2021-04-14,223
E12000004,East Midlands,region,2021-04-13,223
E12000004,East Midlands,region,2021-04-12,243
E12000004,East Midlands,region,2021-04-11,210
E12000004,East Midlands,region,2021-04-10,198
E12000004,East Midlands,region,2021-04-09,267
E12000004,East Midlands,region,2021-04-08,313
E12000004,East Midlands,region,2021-04-07,299
E12000004,East Midlands,region,2021-04-06,336
E12000004,East Midlands,region,2021-04-05,244
E12000004,East Midlands,region,2021-04-04,223
E12000004,East Midlands,region,2021-04-03,270
E12000004,East Midlands,region,2021-04-02,276
E12000004,East Midlands,region,2021-04-01,352
E12000004,East Midlands,region,2021-03-31,384
E12000004,East Midlands,region,2021-03-30,351
E12000004,East Midlands,region,2021-03-29,394
E12000004,East Midlands,region,2021-03-28,471
E12000004,East Midlands,region,2021-03-27,381
E12000004,East Midlands,region,2021-03-26,424
E12000004,East Midlands,region,2021-03-25,540
E12000004,East Midlands,region,2021-03-24,621
E12000004,East Midlands,region,2021-03-23,565
E12000004,East Midlands,region,2021-03-22,564
E12000004,East Midlands,region,2021-03-21,481
E12000004,East Midlands,region,2021-03-20,421
E12000004,East Midlands,region,2021-03-19,494
E12000004,East Midlands,region,2021-03-18,596
E12000004,East Midlands,region,2021-03-17,592
E12000004,East Midlands,region,2021-03-16,613
E12000004,East Midlands,region,2021-03-15,619
E12000004,East Midlands,region,2021-03-14,392
E12000004,East Midlands,region,2021-03-13,401
E12000004,East Midlands,region,2021-03-12,539
E12000004,East Midlands,region,2021-03-11,579
E12000004,East Midlands,region,2021-03-10,595
E12000004,East Midlands,region,2021-03-09,630
E12000004,East Midlands,region,2021-03-08,699
E12000004,East Midlands,region,2021-03-07,462
E12000004,East Midlands,region,2021-03-06,452
E12000004,East Midlands,region,2021-03-05,633
E12000004,East Midlands,region,2021-03-04,612
E12000004,East Midlands,region,2021-03-03,644
E12000004,East Midlands,region,2021-03-02,702
E12000004,East Midlands,region,2021-03-01,795
E12000004,East Midlands,region,2021-02-28,501
E12000004,East Midlands,region,2021-02-27,539
E12000004,East Midlands,region,2021-02-26,702
E12000004,East Midlands,region,2021-02-25,838
E12000004,East Midlands,region,2021-02-24,1015
E12000004,East Midlands,region,2021-02-23,1198
E12000004,East Midlands,region,2021-02-22,1415
E12000004,East Midlands,region,2021-02-21,905
E12000004,East Midlands,region,2021-02-20,824
E12000004,East Midlands,region,2021-02-19,1155
E12000004,East Midlands,region,2021-02-18,1250
E12000004,East Midlands,region,2021-02-17,1339
E12000004,East Midlands,region,2021-02-16,1342
E12000004,East Midlands,region,2021-02-15,1746
E12000004,East Midlands,region,2021-02-14,937
E12000004,East Midlands,region,2021-02-13,944
E12000004,East Midlands,region,2021-02-12,1326
E12000004,East Midlands,region,2021-02-11,1403
E12000004,East Midlands,region,2021-02-10,1337
E12000004,East Midlands,region,2021-02-09,1414
E12000004,East Midlands,region,2021-02-08,1709
E12000004,East Midlands,region,2021-02-07,1137
E12000004,East Midlands,region,2021-02-06,1163
E12000004,East Midlands,region,2021-02-05,1489
E12000004,East Midlands,region,2021-02-04,1727
E12000004,East Midlands,region,2021-02-03,1814
E12000004,East Midlands,region,2021-02-02,1897
E12000004,East Midlands,region,2021-02-01,2123
E12000004,East Midlands,region,2021-01-31,1412
E12000004,East Midlands,region,2021-01-30,1514
E12000004,East Midlands,region,2021-01-29,1922
E12000004,East Midlands,region,2021-01-28,2244
E12000004,East Midlands,region,2021-01-27,2297
E12000004,East Midlands,region,2021-01-26,2371
E12000004,East Midlands,region,2021-01-25,2123
E12000004,East Midlands,region,2021-01-24,1253
E12000004,East Midlands,region,2021-01-23,1795
E12000004,East Midlands,region,2021-01-22,2367
E12000004,East Midlands,region,2021-01-21,2658
E12000004,East Midlands,region,2021-01-20,2768
E12000004,East Midlands,region,2021-01-19,3281
E12000004,East Midlands,region,2021-01-18,3332
E12000004,East Midlands,region,2021-01-17,2147
E12000004,East Midlands,region,2021-01-16,2114
E12000004,East Midlands,region,2021-01-15,2800
E12000004,East Midlands,region,2021-01-14,2866
E12000004,East Midlands,region,2021-01-13,2892
E12000004,East Midlands,region,2021-01-12,3331
E12000004,East Midlands,region,2021-01-11,3634
E12000004,East Midlands,region,2021-01-10,2224
E12000004,East Midlands,region,2021-01-09,2389
E12000004,East Midlands,region,2021-01-08,2873
E12000004,East Midlands,region,2021-01-07,3035
E12000004,East Midlands,region,2021-01-06,3284
E12000004,East Midlands,region,2021-01-05,3593
E12000004,East Midlands,region,2021-01-04,4391
E12000004,East Midlands,region,2021-01-03,3065
E12000004,East Midlands,region,2021-01-02,3489
E12000004,East Midlands,region,2021-01-01,1695
E12000004,East Midlands,region,2020-12-31,3017
E12000004,East Midlands,region,2020-12-30,3673
E12000004,East Midlands,region,2020-12-29,4052
E12000004,East Midlands,region,2020-12-28,2539
E12000004,East Midlands,region,2020-12-27,2443
E12000004,East Midlands,region,2020-12-26,1894
E12000004,East Midlands,region,2020-12-25,709
E12000004,East Midlands,region,2020-12-24,1454
E12000004,East Midlands,region,2020-12-23,2043
E12000004,East Midlands,region,2020-12-22,2106
E12000004,East Midlands,region,2020-12-21,2423
E12000004,East Midlands,region,2020-12-20,1710
E12000004,East Midlands,region,2020-12-19,1363
E12000004,East Midlands,region,2020-12-18,1720
E12000004,East Midlands,region,2020-12-17,1705
E12000004,East Midlands,region,2020-12-16,1706
E12000004,East Midlands,region,2020-12-15,1768
E12000004,East Midlands,region,2020-12-14,2067
E12000004,East Midlands,region,2020-12-13,1058
E12000004,East Midlands,region,2020-12-12,1035
E12000004,East Midlands,region,2020-12-11,1448
E12000004,East Midlands,region,2020-12-10,1452
E12000004,East Midlands,region,2020-12-09,1410
E12000004,East Midlands,region,2020-12-08,1426
E12000004,East Midlands,region,2020-12-07,1596
E12000004,East Midlands,region,2020-12-06,968
E12000004,East Midlands,region,2020-12-05,872
E12000004,East Midlands,region,2020-12-04,1094
E12000004,East Midlands,region,2020-12-03,1264
E12000004,East Midlands,region,2020-12-02,1279
E12000004,East Midlands,region,2020-12-01,1281
E12000004,East Midlands,region,2020-11-30,1472
E12000004,East Midlands,region,2020-11-29,812
E12000004,East Midlands,region,2020-11-28,890
E12000004,East Midlands,region,2020-11-27,1131
E12000004,East Midlands,region,2020-11-26,1189
E12000004,East Midlands,region,2020-11-25,1358
E12000004,East Midlands,region,2020-11-24,1478
E12000004,East Midlands,region,2020-11-23,1664
E12000004,East Midlands,region,2020-11-22,1033
E12000004,East Midlands,region,2020-11-21,1108
E12000004,East Midlands,region,2020-11-20,1505
E12000004,East Midlands,region,2020-11-19,1519
E12000004,East Midlands,region,2020-11-18,1861
E12000004,East Midlands,region,2020-11-17,2145
E12000004,East Midlands,region,2020-11-16,2620
E12000004,East Midlands,region,2020-11-15,1425
E12000004,East Midlands,region,2020-11-14,1731
E12000004,East Midlands,region,2020-11-13,2181
E12000004,East Midlands,region,2020-11-12,2206
E12000004,East Midlands,region,2020-11-11,2686
E12000004,East Midlands,region,2020-11-10,2697
E12000004,East Midlands,region,2020-11-09,3044
E12000004,East Midlands,region,2020-11-08,2051
E12000004,East Midlands,region,2020-11-07,1785
E12000004,East Midlands,region,2020-11-06,2350
E12000004,East Midlands,region,2020-11-05,2233
E12000004,East Midlands,region,2020-11-04,2182
E12000004,East Midlands,region,2020-11-03,2401
E12000004,East Midlands,region,2020-11-02,3301
E12000004,East Midlands,region,2020-11-01,1252
E12000004,East Midlands,region,2020-10-31,1534
E12000004,East Midlands,region,2020-10-30,2086
E12000004,East Midlands,region,2020-10-29,2123
E12000004,East Midlands,region,2020-10-28,2171
E12000004,East Midlands,region,2020-10-27,2075
E12000004,East Midlands,region,2020-10-26,2386
E12000004,East Midlands,region,2020-10-25,1493
E12000004,East Midlands,region,2020-10-24,1480
E12000004,East Midlands,region,2020-10-23,1861
E12000004,East Midlands,region,2020-10-22,2151
E12000004,East Midlands,region,2020-10-21,2149
E12000004,East Midlands,region,2020-10-20,2145
E12000004,East Midlands,region,2020-10-19,2410
E12000004,East Midlands,region,2020-10-18,1100
E12000004,East Midlands,region,2020-10-17,1220
E12000004,East Midlands,region,2020-10-16,1311
E12000004,East Midlands,region,2020-10-15,1449
E12000004,East Midlands,region,2020-10-14,1824
E12000004,East Midlands,region,2020-10-13,1595
E12000004,East Midlands,region,2020-10-12,1797
E12000004,East Midlands,region,2020-10-11,1118
E12000004,East Midlands,region,2020-10-10,1152
E12000004,East Midlands,region,2020-10-09,1455
E12000004,East Midlands,region,2020-10-08,1954
E12000004,East Midlands,region,2020-10-07,1729
E12000004,East Midlands,region,2020-10-06,1520
E12000004,East Midlands,region,2020-10-05,1581
E12000004,East Midlands,region,2020-10-04,1178
E12000004,East Midlands,region,2020-10-03,1027
E12000004,East Midlands,region,2020-10-02,1215
E12000004,East Midlands,region,2020-10-01,1064
E12000004,East Midlands,region,2020-09-30,884
E12000004,East Midlands,region,2020-09-29,611
E12000004,East Midlands,region,2020-09-28,566
E12000004,East Midlands,region,2020-09-27,402
E12000004,East Midlands,region,2020-09-26,322
E12000004,East Midlands,region,2020-09-25,330
E12000004,East Midlands,region,2020-09-24,334
E12000004,East Midlands,region,2020-09-23,297
E12000004,East Midlands,region,2020-09-22,271
E12000004,East Midlands,region,2020-09-21,292
E12000004,East Midlands,region,2020-09-20,266
E12000004,East Midlands,region,2020-09-19,251
E12000004,East Midlands,region,2020-09-18,259
E12000004,East Midlands,region,2020-09-17,252
E12000004,East Midlands,region,2020-09-16,250
E12000004,East Midlands,region,2020-09-15,214
E12000004,East Midlands,region,2020-09-14,205
E12000004,East Midlands,region,2020-09-13,123
E12000004,East Midlands,region,2020-09-12,146
E12000004,East Midlands,region,2020-09-11,221
E12000004,East Midlands,region,2020-09-10,212
E12000004,East Midlands,region,2020-09-09,254
E12000004,East Midlands,region,2020-09-08,320
E12000004,East Midlands,region,2020-09-07,351
E12000004,East Midlands,region,2020-09-06,138
E12000004,East Midlands,region,2020-09-05,164
E12000004,East Midlands,region,2020-09-04,185
E12000004,East Midlands,region,2020-09-03,245
E12000004,East Midlands,region,2020-09-02,253
E12000004,East Midlands,region,2020-09-01,161
E12000004,East Midlands,region,2020-08-31,88
E12000004,East Midlands,region,2020-08-30,61
E12000004,East Midlands,region,2020-08-29,48
E12000004,East Midlands,region,2020-08-28,96
E12000004,East Midlands,region,2020-08-27,88
E12000004,East Midlands,region,2020-08-26,95
E12000004,East Midlands,region,2020-08-25,76
E12000004,East Midlands,region,2020-08-24,89
E12000004,East Midlands,region,2020-08-23,52
E12000004,East Midlands,region,2020-08-22,51
E12000004,East Midlands,region,2020-08-21,103
E12000004,East Midlands,region,2020-08-20,102
E12000004,East Midlands,region,2020-08-19,104
E12000004,East Midlands,region,2020-08-18,78
E12000004,East Midlands,region,2020-08-17,139
E12000004,East Midlands,region,2020-08-16,58
E12000004,East Midlands,region,2020-08-15,55
E12000004,East Midlands,region,2020-08-14,88
E12000004,East Midlands,region,2020-08-13,112
E12000004,East Midlands,region,2020-08-12,124
E12000004,East Midlands,region,2020-08-11,179
E12000004,East Midlands,region,2020-08-10,211
E12000004,East Midlands,region,2020-08-09,72
E12000004,East Midlands,region,2020-08-08,73
E12000004,East Midlands,region,2020-08-07,93
E12000004,East Midlands,region,2020-08-06,116
E12000004,East Midlands,region,2020-08-05,119
E12000004,East Midlands,region,2020-08-04,95
E12000004,East Midlands,region,2020-08-03,109
E12000004,East Midlands,region,2020-08-02,54
E12000004,East Midlands,region,2020-08-01,71
E12000004,East Midlands,region,2020-07-31,75
E12000004,East Midlands,region,2020-07-30,113
E12000004,East Midlands,region,2020-07-29,110
E12000004,East Midlands,region,2020-07-28,76
E12000004,East Midlands,region,2020-07-27,94
E12000004,East Midlands,region,2020-07-26,39
E12000004,East Midlands,region,2020-07-25,44
E12000004,East Midlands,region,2020-07-24,84
E12000004,East Midlands,region,2020-07-23,94
E12000004,East Midlands,region,2020-07-22,89
E12000004,East Midlands,region,2020-07-21,68
E12000004,East Midlands,region,2020-07-20,83
E12000004,East Midlands,region,2020-07-19,48
E12000004,East Midlands,region,2020-07-18,64
E12000004,East Midlands,region,2020-07-17,81
E12000004,East Midlands,region,2020-07-16,92
E12000004,East Midlands,region,2020-07-15,114
E12000004,East Midlands,region,2020-07-14,89
E12000004,East Midlands,region,2020-07-13,107
E12000004,East Midlands,region,2020-07-12,46
E12000004,East Midlands,region,2020-07-11,96
E12000004,East Midlands,region,2020-07-10,99
E12000004,East Midlands,region,2020-07-09,96
E12000004,East Midlands,region,2020-07-08,111
E12000004,East Midlands,region,2020-07-07,109
E12000004,East Midlands,region,2020-07-06,140
E12000004,East Midlands,region,2020-07-05,128
E12000004,East Midlands,region,2020-07-04,85
E12000004,East Midlands,region,2020-07-03,108
E12000004,East Midlands,region,2020-07-02,106
E12000004,East Midlands,region,2020-07-01,121
E12000004,East Midlands,region,2020-06-30,130
E12000004,East Midlands,region,2020-06-29,129
E12000004,East Midlands,region,2020-06-28,80
E12000004,East Midlands,region,2020-06-27,88
E12000004,East Midlands,region,2020-06-26,114
E12000004,East Midlands,region,2020-06-25,127
E12000004,East Midlands,region,2020-06-24,174
E12000004,East Midlands,region,2020-06-23,172
E12000004,East Midlands,region,2020-06-22,180
E12000004,East Midlands,region,2020-06-21,130
E12000004,East Midlands,region,2020-06-20,141
E12000004,East Midlands,region,2020-06-19,154
E12000004,East Midlands,region,2020-06-18,167
E12000004,East Midlands,region,2020-06-17,164
E12000004,East Midlands,region,2020-06-16,161
E12000004,East Midlands,region,2020-06-15,167
E12000004,East Midlands,region,2020-06-14,146
E12000004,East Midlands,region,2020-06-13,131
E12000004,East Midlands,region,2020-06-12,175
E12000004,East Midlands,region,2020-06-11,183
E12000004,East Midlands,region,2020-06-10,167
E12000004,East Midlands,region,2020-06-09,179
E12000004,East Midlands,region,2020-06-08,174
E12000004,East Midlands,region,2020-06-07,128
E12000004,East Midlands,region,2020-06-06,104
E12000004,East Midlands,region,2020-06-05,154
E12000004,East Midlands,region,2020-06-04,145
E12000004,East Midlands,region,2020-06-03,172
E12000004,East Midlands,region,2020-06-02,220
E12000004,East Midlands,region,2020-06-01,218
E12000004,East Midlands,region,2020-05-31,148
E12000004,East Midlands,region,2020-05-30,142
E12000004,East Midlands,region,2020-05-29,170
E12000004,East Midlands,region,2020-05-28,192
E12000004,East Midlands,region,2020-05-27,196
E12000004,East Midlands,region,2020-05-26,162
E12000004,East Midlands,region,2020-05-25,192
E12000004,East Midlands,region,2020-05-24,146
E12000004,East Midlands,region,2020-05-23,165
E12000004,East Midlands,region,2020-05-22,239
E12000004,East Midlands,region,2020-05-21,279
E12000004,East Midlands,region,2020-05-20,274
E12000004,East Midlands,region,2020-05-19,292
E12000004,East Midlands,region,2020-05-18,271
E12000004,East Midlands,region,2020-05-17,203
E12000004,East Midlands,region,2020-05-16,256
E12000004,East Midlands,region,2020-05-15,253
E12000004,East Midlands,region,2020-05-14,223
E12000004,East Midlands,region,2020-05-13,299
E12000004,East Midlands,region,2020-05-12,323
E12000004,East Midlands,region,2020-05-11,319
E12000004,East Midlands,region,2020-05-10,196
E12000004,East Midlands,region,2020-05-09,176
E12000004,East Midlands,region,2020-05-08,269
E12000004,East Midlands,region,2020-05-07,310
E12000004,East Midlands,region,2020-05-06,333
E12000004,East Midlands,region,2020-05-05,284
E12000004,East Midlands,region,2020-05-04,237
E12000004,East Midlands,region,2020-05-03,170
E12000004,East Midlands,region,2020-05-02,200
E12000004,East Midlands,region,2020-05-01,295
E12000004,East Midlands,region,2020-04-30,295
E12000004,East Midlands,region,2020-04-29,379
E12000004,East Midlands,region,2020-04-28,272
E12000004,East Midlands,region,2020-04-27,318
E12000004,East Midlands,region,2020-04-26,241
E12000004,East Midlands,region,2020-04-25,246
E12000004,East Midlands,region,2020-04-24,298
E12000004,East Midlands,region,2020-04-23,275
E12000004,East Midlands,region,2020-04-22,334
E12000004,East Midlands,region,2020-04-21,220
E12000004,East Midlands,region,2020-04-20,187
E12000004,East Midlands,region,2020-04-19,247
E12000004,East Midlands,region,2020-04-18,193
E12000004,East Midlands,region,2020-04-17,257
E12000004,East Midlands,region,2020-04-16,266
E12000004,East Midlands,region,2020-04-15,216
E12000004,East Midlands,region,2020-04-14,210
E12000004,East Midlands,region,2020-04-13,171
E12000004,East Midlands,region,2020-04-12,215
E12000004,East Midlands,region,2020-04-11,173
E12000004,East Midlands,region,2020-04-10,173
E12000004,East Midlands,region,2020-04-09,233
E12000004,East Midlands,region,2020-04-08,187
E12000004,East Midlands,region,2020-04-07,229
E12000004,East Midlands,region,2020-04-06,219
E12000004,East Midlands,region,2020-04-05,148
E12000004,East Midlands,region,2020-04-04,190
E12000004,East Midlands,region,2020-04-03,254
E12000004,East Midlands,region,2020-04-02,213
E12000004,East Midlands,region,2020-04-01,301
E12000004,East Midlands,region,2020-03-31,278
E12000004,East Midlands,region,2020-03-30,209
E12000004,East Midlands,region,2020-03-29,128
E12000004,East Midlands,region,2020-03-28,157
E12000004,East Midlands,region,2020-03-27,135
E12000004,East Midlands,region,2020-03-26,154
E12000004,East Midlands,region,2020-03-25,116
E12000004,East Midlands,region,2020-03-24,137
E12000004,East Midlands,region,2020-03-23,117
E12000004,East Midlands,region,2020-03-22,99
E12000004,East Midlands,region,2020-03-21,69
E12000004,East Midlands,region,2020-03-20,53
E12000004,East Midlands,region,2020-03-19,66
E12000004,East Midlands,region,2020-03-18,47
E12000004,East Midlands,region,2020-03-17,33
E12000004,East Midlands,region,2020-03-16,32
E12000004,East Midlands,region,2020-03-15,26
E12000004,East Midlands,region,2020-03-14,19
E12000004,East Midlands,region,2020-03-13,21
E12000004,East Midlands,region,2020-03-12,17
E12000004,East Midlands,region,2020-03-11,25
E12000004,East Midlands,region,2020-03-10,12
E12000004,East Midlands,region,2020-03-09,10
E12000004,East Midlands,region,2020-03-08,1
E12000004,East Midlands,region,2020-03-07,5
E12000004,East Midlands,region,2020-03-06,7
E12000004,East Midlands,region,2020-03-05,3
E12000004,East Midlands,region,2020-03-04,2
E12000004,East Midlands,region,2020-03-03,7
E12000004,East Midlands,region,2020-03-02,2
E12000004,East Midlands,region,2020-03-01,1
E12000004,East Midlands,region,2020-02-29,1
E12000004,East Midlands,region,2020-02-28,1
E12000004,East Midlands,region,2020-02-27,1
E12000004,East Midlands,region,2020-02-26,0
E12000004,East Midlands,region,2020-02-25,1
E12000004,East Midlands,region,2020-02-24,0
E12000004,East Midlands,region,2020-02-23,0
E12000004,East Midlands,region,2020-02-22,0
E12000004,East Midlands,region,2020-02-21,1
